,data_set,pipeline_name,model,parameters,mean_cv_r2,std_cv_r2,mean_cv_mae,std_cv_mae,mean_cv_mse,std_cv_mse,cv_results,mean_train_r2,mean_train_mae,mean_train_mse,p-value,best_estimator,pre_processed_pipeline,scale,external_score,external_p-value,train_score,train_p-value
0,error_response,ERP_scale_16-Rumination Full Scale,ln,{},0.0014650929989250179,0.008439717072395284,-0.7135118498692351,0.04556029384547032,-0.7981385760560582,0.07170937423916139,"{'mean_fit_time': array([0.00122197]), 'std_fit_time': array([2.10388542e-05]), 'mean_score_time': array([0.00076914]), 'std_score_time': array([1.84226248e-05]), 'params': [{}], 'split0_test_neg_mean_squared_error': array([-0.75293259]), 'split1_test_neg_mean_squared_error': array([-0.74212435]), 'split2_test_neg_mean_squared_error': array([-0.89935878]), 'mean_test_neg_mean_squared_error': array([-0.79813858]), 'std_test_neg_mean_squared_error': array([0.07170937]), 'rank_test_neg_mean_squared_error': array([1], dtype=int32), 'split0_train_neg_mean_squared_error': array([-0.80748201]), 'split1_train_neg_mean_squared_error': array([-0.81427753]), 'split2_train_neg_mean_squared_error': array([-0.73047299]), 'mean_train_neg_mean_squared_error': array([-0.78407751]), 'std_train_neg_mean_squared_error': array([0.03800551]), 'split0_test_neg_mean_absolute_error': array([-0.64931284]), 'split1_test_neg_mean_absolute_error': array([-0.7408705]), 'split2_test_neg_mean_absolute_error': array([-0.75035221]), 'mean_test_neg_mean_absolute_error': array([-0.71351185]), 'std_test_neg_mean_absolute_error': array([0.04556029]), 'rank_test_neg_mean_absolute_error': array([1], dtype=int32), 'split0_train_neg_mean_absolute_error': array([-0.7403473]), 'split1_train_neg_mean_absolute_error': array([-0.70946175]), 'split2_train_neg_mean_absolute_error': array([-0.69214929]), 'mean_train_neg_mean_absolute_error': array([-0.71398611]), 'std_train_neg_mean_absolute_error': array([0.01993514]), 'split0_test_r2': array([-0.00971084]), 'split1_test_r2': array([0.01068172]), 'split2_test_r2': array([0.0034244]), 'mean_test_r2': array([0.00146509]), 'std_test_r2': array([0.00843972]), 'rank_test_r2': array([1], dtype=int32), 'split0_train_r2': array([0.02643179]), 'split1_train_r2': array([0.01298384]), 'split2_train_r2': array([0.03290413]), 'mean_train_r2': array([0.02410659]), 'std_train_r2': array([0.00829696])}",0.024106589978644528,-0.7139861124142266,-0.7840775093779664,0.04995004995004995,"Pipeline(steps=[('features',
                 Pipeline(steps=[('ern_peak_to_peak', AverageSignal())])),
                ('ln', LinearRegression())])","Pipeline(steps=[('channels_extraction', PickChannels(channels_list=['FCz'])),
                ('trim', EpochTrim2(tmax=0.1, tmin=0)), ('average', Evoked()),
                ('extract_averaged_data', ExtractData())])",16-Rumination Full Scale,-0.049765030896911755,0.7282717282717283,0.022504058425639184,0.07092907092907093
1,error_response,ERP_scale_05-DASS-21 Anxiety scale,ln,{},-0.08687183918801107,0.06618106057021915,-0.4585673058173334,0.04500505448704842,-0.32830388548488704,0.10564541286905282,"{'mean_fit_time': array([0.00265002]), 'std_fit_time': array([0.00053705]), 'mean_score_time': array([0.0018026]), 'std_score_time': array([0.00040554]), 'params': [{}], 'split0_test_neg_mean_squared_error': array([-0.26807769]), 'split1_test_neg_mean_squared_error': array([-0.47682743]), 'split2_test_neg_mean_squared_error': array([-0.24000653]), 'mean_test_neg_mean_squared_error': array([-0.32830389]), 'std_test_neg_mean_squared_error': array([0.10564541]), 'rank_test_neg_mean_squared_error': array([1], dtype=int32), 'split0_train_neg_mean_squared_error': array([-0.33940229]), 'split1_train_neg_mean_squared_error': array([-0.23303143]), 'split2_train_neg_mean_squared_error': array([-0.34386069]), 'mean_train_neg_mean_squared_error': array([-0.30543147]), 'std_train_neg_mean_squared_error': array([0.05122691]), 'split0_test_neg_mean_absolute_error': array([-0.44266865]), 'split1_test_neg_mean_absolute_error': array([-0.51988898]), 'split2_test_neg_mean_absolute_error': array([-0.41314429]), 'mean_test_neg_mean_absolute_error': array([-0.45856731]), 'std_test_neg_mean_absolute_error': array([0.04500505]), 'rank_test_neg_mean_absolute_error': array([1], dtype=int32), 'split0_train_neg_mean_absolute_error': array([-0.46622881]), 'split1_train_neg_mean_absolute_error': array([-0.39746069]), 'split2_train_neg_mean_absolute_error': array([-0.46507974]), 'mean_train_neg_mean_absolute_error': array([-0.44292308]), 'std_train_neg_mean_absolute_error': array([0.03215019]), 'split0_test_r2': array([-0.16619741]), 'split1_test_r2': array([-0.09022637]), 'split2_test_r2': array([-0.00419174]), 'mean_test_r2': array([-0.08687184]), 'std_test_r2': array([0.06618106]), 'rank_test_r2': array([1], dtype=int32), 'split0_train_r2': array([0.00907993]), 'split1_train_r2': array([0.01130952]), 'split2_train_r2': array([2.99809273e-05]), 'mean_train_r2': array([0.00680648]), 'std_train_r2': array([0.00487739])}",0.00680647741148277,-0.44292307940950465,-0.30543146804570975,0.6823176823176823,"Pipeline(steps=[('features',
                 Pipeline(steps=[('ern_peak_to_peak', AverageSignal())])),
                ('ln', LinearRegression())])","Pipeline(steps=[('channels_extraction', PickChannels(channels_list=['FCz'])),
                ('trim', EpochTrim2(tmax=0.1, tmin=0)), ('average', Evoked()),
                ('extract_averaged_data', ExtractData())])",05-DASS-21 Anxiety scale,-0.023223193498473682,0.06993006993006994,9.082810532579089e-06,0.5074925074925075
2,error_response,ERP_scale_04-STAI Trait SUM,ln,{},0.01087548380809126,0.05183764316761005,-8.13645603301041,0.8735329890581374,-107.83373411308958,33.25215061809961,"{'mean_fit_time': array([0.00193715]), 'std_fit_time': array([0.00010652]), 'mean_score_time': array([0.00126775]), 'std_score_time': array([8.26842446e-05]), 'params': [{}], 'split0_test_neg_mean_squared_error': array([-73.46445899]), 'split1_test_neg_mean_squared_error': array([-152.8144681]), 'split2_test_neg_mean_squared_error': array([-97.22227525]), 'mean_test_neg_mean_squared_error': array([-107.83373411]), 'std_test_neg_mean_squared_error': array([33.25215062]), 'rank_test_neg_mean_squared_error': array([1], dtype=int32), 'split0_train_neg_mean_squared_error': array([-120.71090621]), 'split1_train_neg_mean_squared_error': array([-82.14256663]), 'split2_train_neg_mean_squared_error': array([-110.18727582]), 'mean_train_neg_mean_squared_error': array([-104.34691622]), 'std_train_neg_mean_squared_error': array([16.27803335]), 'split0_test_neg_mean_absolute_error': array([-7.12285243]), 'split1_test_neg_mean_absolute_error': array([-9.25485053]), 'split2_test_neg_mean_absolute_error': array([-8.03166514]), 'mean_test_neg_mean_absolute_error': array([-8.13645603]), 'std_test_neg_mean_absolute_error': array([0.87353299]), 'rank_test_neg_mean_absolute_error': array([1], dtype=int32), 'split0_train_neg_mean_absolute_error': array([-8.51879424]), 'split1_train_neg_mean_absolute_error': array([-7.35843066]), 'split2_train_neg_mean_absolute_error': array([-8.22261914]), 'mean_train_neg_mean_absolute_error': array([-8.03328135]), 'std_train_neg_mean_absolute_error': array([0.49227195]), 'split0_test_r2': array([0.0575698]), 'split1_test_r2': array([-0.06141493]), 'split2_test_r2': array([0.03647159]), 'mean_test_r2': array([0.01087548]), 'std_test_r2': array([0.05183764]), 'rank_test_r2': array([1], dtype=int32), 'split0_train_r2': array([0.02078301]), 'split1_train_r2': array([0.0835634]), 'split2_train_r2': array([0.00888212]), 'mean_train_r2': array([0.03774284]), 'std_train_r2': array([0.03276227])}",0.03774284378878497,-8.033281346221669,-104.34691622157702,0.03196803196803197,"Pipeline(steps=[('features',
                 Pipeline(steps=[('ern_peak_to_peak', AverageSignal())])),
                ('ln', LinearRegression())])","Pipeline(steps=[('channels_extraction', PickChannels(channels_list=['FCz'])),
                ('trim', EpochTrim2(tmax=0.1, tmin=0)), ('average', Evoked()),
                ('extract_averaged_data', ExtractData())])",04-STAI Trait SUM,-0.15967944190133077,0.971028971028971,0.029688780815637306,0.04095904095904096
3,error_response,ERP_scale_07-BIS,ln,{},0.022536822667230044,0.10815803497855679,-0.4809772656988885,0.033742556868359204,-0.32139313264482516,0.024777039245500558,"{'mean_fit_time': array([0.00270597]), 'std_fit_time': array([0.00056766]), 'mean_score_time': array([0.00183304]), 'std_score_time': array([0.00045607]), 'params': [{}], 'split0_test_neg_mean_squared_error': array([-0.35212987]), 'split1_test_neg_mean_squared_error': array([-0.32059501]), 'split2_test_neg_mean_squared_error': array([-0.29145452]), 'mean_test_neg_mean_squared_error': array([-0.32139313]), 'std_test_neg_mean_squared_error': array([0.02477704]), 'rank_test_neg_mean_squared_error': array([1], dtype=int32), 'split0_train_neg_mean_squared_error': array([-0.29474975]), 'split1_train_neg_mean_squared_error': array([-0.31048668]), 'split2_train_neg_mean_squared_error': array([-0.32773808]), 'mean_train_neg_mean_squared_error': array([-0.3109915]), 'std_train_neg_mean_squared_error': array([0.01347216]), 'split0_test_neg_mean_absolute_error': array([-0.4994637]), 'split1_test_neg_mean_absolute_error': array([-0.50983299]), 'split2_test_neg_mean_absolute_error': array([-0.43363511]), 'mean_test_neg_mean_absolute_error': array([-0.48097727]), 'std_test_neg_mean_absolute_error': array([0.03374256]), 'rank_test_neg_mean_absolute_error': array([1], dtype=int32), 'split0_train_neg_mean_absolute_error': array([-0.46860156]), 'split1_train_neg_mean_absolute_error': array([-0.46219726]), 'split2_train_neg_mean_absolute_error': array([-0.48868498]), 'mean_train_neg_mean_absolute_error': array([-0.47316127]), 'std_train_neg_mean_absolute_error': array([0.011284]), 'split0_test_r2': array([0.10565843]), 'split1_test_r2': array([0.09217556]), 'split2_test_r2': array([-0.13022353]), 'mean_test_r2': array([0.02253682]), 'std_test_r2': array([0.10815803]), 'rank_test_r2': array([1], dtype=int32), 'split0_train_r2': array([0.03554595]), 'split1_train_r2': array([0.04988479]), 'split2_train_r2': array([0.12343772]), 'mean_train_r2': array([0.06962282]), 'std_train_r2': array([0.0385005])}",0.06962281958671294,-0.4731612680848187,-0.31099150356364674,0.016983016983016984,"Pipeline(steps=[('features',
                 Pipeline(steps=[('ern_peak_to_peak', AverageSignal())])),
                ('ln', LinearRegression())])","Pipeline(steps=[('channels_extraction', PickChannels(channels_list=['FCz'])),
                ('trim', EpochTrim2(tmax=0.1, tmin=0)), ('average', Evoked()),
                ('extract_averaged_data', ExtractData())])",07-BIS,-0.1834918131465948,0.8751248751248751,0.0680336515984713,0.005994005994005994
4,error_response,ERP_scale_14-Obsessive-Compulsive WASHING,ln,{},-0.06938092601664174,0.02915315770910627,-0.7400333878926052,0.042567537361368576,-0.7966341504312361,0.05773269078529303,"{'mean_fit_time': array([0.00189249]), 'std_fit_time': array([2.75125353e-05]), 'mean_score_time': array([0.00119591]), 'std_score_time': array([2.98553631e-05]), 'params': [{}], 'split0_test_neg_mean_squared_error': array([-0.7193688]), 'split1_test_neg_mean_squared_error': array([-0.81241634]), 'split2_test_neg_mean_squared_error': array([-0.85811731]), 'mean_test_neg_mean_squared_error': array([-0.79663415]), 'std_test_neg_mean_squared_error': array([0.05773269]), 'rank_test_neg_mean_squared_error': array([1], dtype=int32), 'split0_train_neg_mean_squared_error': array([-0.79753641]), 'split1_train_neg_mean_squared_error': array([-0.74347856]), 'split2_train_neg_mean_squared_error': array([-0.72909538]), 'mean_train_neg_mean_squared_error': array([-0.75670345]), 'std_train_neg_mean_squared_error': array([0.02946429]), 'split0_test_neg_mean_absolute_error': array([-0.71299517]), 'split1_test_neg_mean_absolute_error': array([-0.70697252]), 'split2_test_neg_mean_absolute_error': array([-0.80013247]), 'mean_test_neg_mean_absolute_error': array([-0.74003339]), 'std_test_neg_mean_absolute_error': array([0.04256754]), 'rank_test_neg_mean_absolute_error': array([1], dtype=int32), 'split0_train_neg_mean_absolute_error': array([-0.71173497]), 'split1_train_neg_mean_absolute_error': array([-0.71359019]), 'split2_train_neg_mean_absolute_error': array([-0.71863267]), 'mean_train_neg_mean_absolute_error': array([-0.71465261]), 'std_train_neg_mean_absolute_error': array([0.00291446]), 'split0_test_r2': array([-0.07239446]), 'split1_test_r2': array([-0.03226449]), 'split2_test_r2': array([-0.10348383]), 'mean_test_r2': array([-0.06938093]), 'std_test_r2': array([0.02915316]), 'rank_test_r2': array([1], dtype=int32), 'split0_train_r2': array([0.00314909]), 'split1_train_r2': array([0.00478642]), 'split2_train_r2': array([0.00019512]), 'mean_train_r2': array([0.00271021]), 'std_train_r2': array([0.00189991])}",0.002710211431585822,-0.7146526125233815,-0.7567034490561042,0.6093906093906094,"Pipeline(steps=[('features',
                 Pipeline(steps=[('ern_peak_to_peak', AverageSignal())])),
                ('ln', LinearRegression())])","Pipeline(steps=[('channels_extraction', PickChannels(channels_list=['FCz'])),
                ('trim', EpochTrim2(tmax=0.1, tmin=0)), ('average', Evoked()),
                ('extract_averaged_data', ExtractData())])",14-Obsessive-Compulsive WASHING,-0.003712524328073119,0.48451548451548454,0.00020064170404376913,0.4565434565434565
5,error_response,ERP_scale_14-Obsessive-Compulsive OBSESSING,ln,{},0.009248694970539262,0.008394336482215183,-0.9293724610717463,0.025763037660506707,-1.2090081914000466,0.11987104148225987,"{'mean_fit_time': array([0.00165836]), 'std_fit_time': array([0.00033954]), 'mean_score_time': array([0.00107988]), 'std_score_time': array([0.00030027]), 'params': [{}], 'split0_test_neg_mean_squared_error': array([-1.10190269]), 'split1_test_neg_mean_squared_error': array([-1.14876328]), 'split2_test_neg_mean_squared_error': array([-1.37635861]), 'mean_test_neg_mean_squared_error': array([-1.20900819]), 'std_test_neg_mean_squared_error': array([0.11987104]), 'rank_test_neg_mean_squared_error': array([1], dtype=int32), 'split0_train_neg_mean_squared_error': array([-1.25763716]), 'split1_train_neg_mean_squared_error': array([-1.23095068]), 'split2_train_neg_mean_squared_error': array([-1.11817962]), 'mean_train_neg_mean_squared_error': array([-1.20225582]), 'std_train_neg_mean_squared_error': array([0.06044087]), 'split0_test_neg_mean_absolute_error': array([-0.89891184]), 'split1_test_neg_mean_absolute_error': array([-0.92729053]), 'split2_test_neg_mean_absolute_error': array([-0.96191502]), 'mean_test_neg_mean_absolute_error': array([-0.92937246]), 'std_test_neg_mean_absolute_error': array([0.02576304]), 'rank_test_neg_mean_absolute_error': array([1], dtype=int32), 'split0_train_neg_mean_absolute_error': array([-0.95114913]), 'split1_train_neg_mean_absolute_error': array([-0.92849245]), 'split2_train_neg_mean_absolute_error': array([-0.90916961]), 'mean_train_neg_mean_absolute_error': array([-0.92960373]), 'std_train_neg_mean_absolute_error': array([0.01715607]), 'split0_test_r2': array([0.01999194]), 'split1_test_r2': array([0.00825135]), 'split2_test_r2': array([-0.00049721]), 'mean_test_r2': array([0.00924869]), 'std_test_r2': array([0.00839434]), 'rank_test_r2': array([1], dtype=int32), 'split0_train_r2': array([0.00764981]), 'split1_train_r2': array([0.01942033]), 'split2_train_r2': array([0.02284767]), 'mean_train_r2': array([0.01663927]), 'std_train_r2': array([0.00650869])}",0.01663926914449454,-0.9296037297969088,-1.202255820491703,0.03696303696303696,"Pipeline(steps=[('features',
                 Pipeline(steps=[('ern_peak_to_peak', AverageSignal())])),
                ('ln', LinearRegression())])","Pipeline(steps=[('channels_extraction', PickChannels(channels_list=['FCz'])),
                ('trim', EpochTrim2(tmax=0.1, tmin=0)), ('average', Evoked()),
                ('extract_averaged_data', ExtractData())])",14-Obsessive-Compulsive OBSESSING,-0.05158676474247281,0.7952047952047953,0.016294271099407398,0.0999000999000999
6,error_response,ERP_scale_14-Obsessive-Compulsive HOARDING,ln,{},0.0015792730887469835,0.007357643325677057,-0.7931199980537093,0.15913789663013866,-0.9390740475176494,0.3145097298995039,"{'mean_fit_time': array([0.00236066]), 'std_fit_time': array([9.61157789e-05]), 'mean_score_time': array([0.0015703]), 'std_score_time': array([9.88440478e-05]), 'params': [{}], 'split0_test_neg_mean_squared_error': array([-0.8719274]), 'split1_test_neg_mean_squared_error': array([-1.3534269]), 'split2_test_neg_mean_squared_error': array([-0.59186784]), 'mean_test_neg_mean_squared_error': array([-0.93907405]), 'std_test_neg_mean_squared_error': array([0.31450973]), 'rank_test_neg_mean_squared_error': array([1], dtype=int32), 'split0_train_neg_mean_squared_error': array([-0.96855277]), 'split1_train_neg_mean_squared_error': array([-0.72825865]), 'split2_train_neg_mean_squared_error': array([-1.10784172]), 'mean_train_neg_mean_squared_error': array([-0.93488438]), 'std_train_neg_mean_squared_error': array([0.15678222]), 'split0_test_neg_mean_absolute_error': array([-0.8185329]), 'split1_test_neg_mean_absolute_error': array([-0.97407031]), 'split2_test_neg_mean_absolute_error': array([-0.58675678]), 'mean_test_neg_mean_absolute_error': array([-0.79312]), 'std_test_neg_mean_absolute_error': array([0.1591379]), 'rank_test_neg_mean_absolute_error': array([1], dtype=int32), 'split0_train_neg_mean_absolute_error': array([-0.7774743]), 'split1_train_neg_mean_absolute_error': array([-0.70105367]), 'split2_train_neg_mean_absolute_error': array([-0.89428158]), 'mean_train_neg_mean_absolute_error': array([-0.79093652]), 'std_train_neg_mean_absolute_error': array([0.07945724]), 'split0_test_r2': array([0.00606737]), 'split1_test_r2': array([-0.00879467]), 'split2_test_r2': array([0.00746512]), 'mean_test_r2': array([0.00157927]), 'std_test_r2': array([0.00735764]), 'rank_test_r2': array([1], dtype=int32), 'split0_train_r2': array([0.00050503]), 'split1_train_r2': array([0.01161212]), 'split2_train_r2': array([0.00144672]), 'mean_train_r2': array([0.00452129]), 'std_train_r2': array([0.00502869])}",0.004521288034697683,-0.7909365181621667,-0.9348843787477389,0.06593406593406594,"Pipeline(steps=[('features',
                 Pipeline(steps=[('ern_peak_to_peak', AverageSignal())])),
                ('ln', LinearRegression())])","Pipeline(steps=[('channels_extraction', PickChannels(channels_list=['FCz'])),
                ('trim', EpochTrim2(tmax=0.1, tmin=0)), ('average', Evoked()),
                ('extract_averaged_data', ExtractData())])",14-Obsessive-Compulsive HOARDING,-0.13677024258938664,0.5454545454545454,0.0030535920071270706,0.3006993006993007
7,error_response,ERP_scale_14-Obsessive-Compulsive ORDERING,ln,{},-0.057934316951514,0.034076403889928976,-1.0243893822869634,0.10292593247541955,-1.4424124182262392,0.22324347156757596,"{'mean_fit_time': array([0.00267887]), 'std_fit_time': array([0.00058508]), 'mean_score_time': array([0.00177383]), 'std_score_time': array([0.00040749]), 'params': [{}], 'split0_test_neg_mean_squared_error': array([-1.28948403]), 'split1_test_neg_mean_squared_error': array([-1.75807559]), 'split2_test_neg_mean_squared_error': array([-1.27967763]), 'mean_test_neg_mean_squared_error': array([-1.44241242]), 'std_test_neg_mean_squared_error': array([0.22324347]), 'rank_test_neg_mean_squared_error': array([1], dtype=int32), 'split0_train_neg_mean_squared_error': array([-1.46962933]), 'split1_train_neg_mean_squared_error': array([-1.22656678]), 'split2_train_neg_mean_squared_error': array([-1.46265745]), 'mean_train_neg_mean_squared_error': array([-1.38628452]), 'std_train_neg_mean_squared_error': array([0.11297336]), 'split0_test_neg_mean_absolute_error': array([-0.93462952]), 'split1_test_neg_mean_absolute_error': array([-1.16850639]), 'split2_test_neg_mean_absolute_error': array([-0.97003224]), 'mean_test_neg_mean_absolute_error': array([-1.02438938]), 'std_test_neg_mean_absolute_error': array([0.10292593]), 'rank_test_neg_mean_absolute_error': array([1], dtype=int32), 'split0_train_neg_mean_absolute_error': array([-1.05487312]), 'split1_train_neg_mean_absolute_error': array([-0.92173839]), 'split2_train_neg_mean_absolute_error': array([-1.03685528]), 'mean_train_neg_mean_absolute_error': array([-1.00448893]), 'std_train_neg_mean_absolute_error': array([0.058974]), 'split0_test_r2': array([-0.10610417]), 'split1_test_r2': array([-0.03260395]), 'split2_test_r2': array([-0.03509483]), 'mean_test_r2': array([-0.05793432]), 'std_test_r2': array([0.0340764]), 'rank_test_r2': array([1], dtype=int32), 'split0_train_r2': array([8.63542075e-05]), 'split1_train_r2': array([0.00193033]), 'split2_train_r2': array([0.00395141]), 'mean_train_r2': array([0.00198936]), 'std_train_r2': array([0.00157845])}",0.0019893647813700177,-1.0044889289813808,-1.3862845201644365,0.5224775224775224,"Pipeline(steps=[('features',
                 Pipeline(steps=[('ern_peak_to_peak', AverageSignal())])),
                ('ln', LinearRegression())])","Pipeline(steps=[('channels_extraction', PickChannels(channels_list=['FCz'])),
                ('trim', EpochTrim2(tmax=0.1, tmin=0)), ('average', Evoked()),
                ('extract_averaged_data', ExtractData())])",14-Obsessive-Compulsive ORDERING,-0.004251819670293422,0.4205794205794206,0.00012022567039438048,0.44455544455544455
8,error_response,ERP_scale_14-Obsessive-Compulsive CHECKING,ln,{},0.004122529862101672,0.03238473009585643,-0.8897728278135962,0.03468606768331042,-1.1150983935413366,0.04642954970217758,"{'mean_fit_time': array([0.00163325]), 'std_fit_time': array([0.00034006]), 'mean_score_time': array([0.00105317]), 'std_score_time': array([0.00030097]), 'params': [{}], 'split0_test_neg_mean_squared_error': array([-1.0517084]), 'split1_test_neg_mean_squared_error': array([-1.16162025]), 'split2_test_neg_mean_squared_error': array([-1.13196654]), 'mean_test_neg_mean_squared_error': array([-1.11509839]), 'std_test_neg_mean_squared_error': array([0.04642955]), 'rank_test_neg_mean_squared_error': array([1], dtype=int32), 'split0_train_neg_mean_squared_error': array([-1.12462501]), 'split1_train_neg_mean_squared_error': array([-1.07522792]), 'split2_train_neg_mean_squared_error': array([-1.08967336]), 'mean_train_neg_mean_squared_error': array([-1.09650876]), 'std_train_neg_mean_squared_error': array([0.02073741]), 'split0_test_neg_mean_absolute_error': array([-0.85272244]), 'split1_test_neg_mean_absolute_error': array([-0.93613929]), 'split2_test_neg_mean_absolute_error': array([-0.88045675]), 'mean_test_neg_mean_absolute_error': array([-0.88977283]), 'std_test_neg_mean_absolute_error': array([0.03468607]), 'rank_test_neg_mean_absolute_error': array([1], dtype=int32), 'split0_train_neg_mean_absolute_error': array([-0.89907829]), 'split1_train_neg_mean_absolute_error': array([-0.85129385]), 'split2_train_neg_mean_absolute_error': array([-0.88862214]), 'mean_train_neg_mean_absolute_error': array([-0.87966476]), 'std_train_neg_mean_absolute_error': array([0.02051039]), 'split0_test_r2': array([0.02656623]), 'split1_test_r2': array([0.02747475]), 'split2_test_r2': array([-0.04167339]), 'mean_test_r2': array([0.00412253]), 'std_test_r2': array([0.03238473]), 'rank_test_r2': array([1], dtype=int32), 'split0_train_r2': array([0.01443242]), 'split1_train_r2': array([0.00808391]), 'split2_train_r2': array([0.04362543]), 'mean_train_r2': array([0.02204725]), 'std_train_r2': array([0.01547663])}",0.022047251827278624,-0.8796647612377771,-1.0965087614298012,0.058941058941058944,"Pipeline(steps=[('features',
                 Pipeline(steps=[('ern_peak_to_peak', AverageSignal())])),
                ('ln', LinearRegression())])","Pipeline(steps=[('channels_extraction', PickChannels(channels_list=['FCz'])),
                ('trim', EpochTrim2(tmax=0.1, tmin=0)), ('average', Evoked()),
                ('extract_averaged_data', ExtractData())])",14-Obsessive-Compulsive CHECKING,0.0035249640129245696,0.23476523476523475,0.019645743264627535,0.07892107892107893
9,error_response,ERP_scale_14-Obsessive-Compulsive NEUTRALIZING,ln,{},-0.07873527938942415,0.059692697041181124,-0.5073218584264244,0.07151608701364903,-0.3924196561118107,0.11292719919768601,"{'mean_fit_time': array([0.00195781]), 'std_fit_time': array([6.85348249e-05]), 'mean_score_time': array([0.00119408]), 'std_score_time': array([2.34624018e-05]), 'params': [{}], 'split0_test_neg_mean_squared_error': array([-0.42675675]), 'split1_test_neg_mean_squared_error': array([-0.5103235]), 'split2_test_neg_mean_squared_error': array([-0.24017872]), 'mean_test_neg_mean_squared_error': array([-0.39241966]), 'std_test_neg_mean_squared_error': array([0.1129272]), 'rank_test_neg_mean_squared_error': array([1], dtype=int32), 'split0_train_neg_mean_squared_error': array([-0.35992345]), 'split1_train_neg_mean_squared_error': array([-0.31243889]), 'split2_train_neg_mean_squared_error': array([-0.45092379]), 'mean_train_neg_mean_squared_error': array([-0.37442871]), 'std_train_neg_mean_squared_error': array([0.05745908]), 'split0_test_neg_mean_absolute_error': array([-0.49414217]), 'split1_test_neg_mean_absolute_error': array([-0.60075379]), 'split2_test_neg_mean_absolute_error': array([-0.42706962]), 'mean_test_neg_mean_absolute_error': array([-0.50732186]), 'std_test_neg_mean_absolute_error': array([0.07151609]), 'rank_test_neg_mean_absolute_error': array([1], dtype=int32), 'split0_train_neg_mean_absolute_error': array([-0.47167689]), 'split1_train_neg_mean_absolute_error': array([-0.45376753]), 'split2_train_neg_mean_absolute_error': array([-0.5581095]), 'mean_train_neg_mean_absolute_error': array([-0.49451797]), 'std_train_neg_mean_absolute_error': array([0.04555655]), 'split0_test_r2': array([-0.10081504]), 'split1_test_r2': array([0.00286798]), 'split2_test_r2': array([-0.13825878]), 'mean_test_r2': array([-0.07873528]), 'std_test_r2': array([0.0596927]), 'rank_test_r2': array([1], dtype=int32), 'split0_train_r2': array([0.01083839]), 'split1_train_r2': array([0.00028668]), 'split2_train_r2': array([0.00672704]), 'mean_train_r2': array([0.0059507]), 'std_train_r2': array([0.00434255])}",0.005950702793795208,-0.4945179733097258,-0.37442871111109394,0.6313686313686314,"Pipeline(steps=[('features',
                 Pipeline(steps=[('ern_peak_to_peak', AverageSignal())])),
                ('ln', LinearRegression())])","Pipeline(steps=[('channels_extraction', PickChannels(channels_list=['FCz'])),
                ('trim', EpochTrim2(tmax=0.1, tmin=0)), ('average', Evoked()),
                ('extract_averaged_data', ExtractData())])",14-Obsessive-Compulsive NEUTRALIZING,-0.029654864683437365,0.5214785214785215,0.004245720311085499,0.2627372627372627
10,error_response,ERP_scale_14-Obsessive-Compulsive FULL,ln,{},-0.01677058982210459,0.009881595198838378,-0.5379468333254479,0.08798046365297178,-0.4185394906131486,0.1078938071978198,"{'mean_fit_time': array([0.00168363]), 'std_fit_time': array([0.00037752]), 'mean_score_time': array([0.0010887]), 'std_score_time': array([0.00031436]), 'params': [{}], 'split0_test_neg_mean_squared_error': array([-0.31138522]), 'split1_test_neg_mean_squared_error': array([-0.5661915]), 'split2_test_neg_mean_squared_error': array([-0.37804175]), 'mean_test_neg_mean_squared_error': array([-0.41853949]), 'std_test_neg_mean_squared_error': array([0.10789381]), 'rank_test_neg_mean_squared_error': array([1], dtype=int32), 'split0_train_neg_mean_squared_error': array([-0.46775501]), 'split1_train_neg_mean_squared_error': array([-0.33934235]), 'split2_train_neg_mean_squared_error': array([-0.43489291]), 'mean_train_neg_mean_squared_error': array([-0.41399675]), 'std_train_neg_mean_squared_error': array([0.05446674]), 'split0_test_neg_mean_absolute_error': array([-0.44977354]), 'split1_test_neg_mean_absolute_error': array([-0.65805943]), 'split2_test_neg_mean_absolute_error': array([-0.50600753]), 'mean_test_neg_mean_absolute_error': array([-0.53794683]), 'std_test_neg_mean_absolute_error': array([0.08798046]), 'rank_test_neg_mean_absolute_error': array([1], dtype=int32), 'split0_train_neg_mean_absolute_error': array([-0.57651966]), 'split1_train_neg_mean_absolute_error': array([-0.47161856]), 'split2_train_neg_mean_absolute_error': array([-0.55173452]), 'mean_train_neg_mean_absolute_error': array([-0.53329091]), 'std_train_neg_mean_absolute_error': array([0.04476744]), 'split0_test_r2': array([-0.02476883]), 'split1_test_r2': array([-0.00284726]), 'split2_test_r2': array([-0.02269568]), 'mean_test_r2': array([-0.01677059]), 'std_test_r2': array([0.0098816]), 'rank_test_r2': array([1], dtype=int32), 'split0_train_r2': array([0.00050258]), 'split1_train_r2': array([0.00195827]), 'split2_train_r2': array([0.00019502]), 'mean_train_r2': array([0.00088529]), 'std_train_r2': array([0.00076903])}",0.0008852898444074627,-0.5332909133931342,-0.4139967545407437,0.18181818181818182,"Pipeline(steps=[('features',
                 Pipeline(steps=[('ern_peak_to_peak', AverageSignal())])),
                ('ln', LinearRegression())])","Pipeline(steps=[('channels_extraction', PickChannels(channels_list=['FCz'])),
                ('trim', EpochTrim2(tmax=0.1, tmin=0)), ('average', Evoked()),
                ('extract_averaged_data', ExtractData())])",14-Obsessive-Compulsive FULL,-0.0037602419962361466,0.7212787212787213,0.0002456620233423079,0.44955044955044954
11,error_response,ERP_scale_15-Obsessional Beliefs - Overestimation of threat,ln,{},-0.03849534212605107,0.03561308129606339,-1.0129784990804755,0.087776074800845,-1.450261399035498,0.20851502271615535,"{'mean_fit_time': array([0.00272536]), 'std_fit_time': array([0.00056973]), 'mean_score_time': array([0.00185887]), 'std_score_time': array([0.00041552]), 'params': [{}], 'split0_test_neg_mean_squared_error': array([-1.71917678]), 'split1_test_neg_mean_squared_error': array([-1.21101268]), 'split2_test_neg_mean_squared_error': array([-1.42059473]), 'mean_test_neg_mean_squared_error': array([-1.4502614]), 'std_test_neg_mean_squared_error': array([0.20851502]), 'rank_test_neg_mean_squared_error': array([1], dtype=int32), 'split0_train_neg_mean_squared_error': array([-1.27758851]), 'split1_train_neg_mean_squared_error': array([-1.50125401]), 'split2_train_neg_mean_squared_error': array([-1.39628742]), 'mean_train_neg_mean_squared_error': array([-1.39170998]), 'std_train_neg_mean_squared_error': array([0.0913684]), 'split0_test_neg_mean_absolute_error': array([-1.12976417]), 'split1_test_neg_mean_absolute_error': array([-0.91814682]), 'split2_test_neg_mean_absolute_error': array([-0.9910245]), 'mean_test_neg_mean_absolute_error': array([-1.0129785]), 'std_test_neg_mean_absolute_error': array([0.08777607]), 'rank_test_neg_mean_absolute_error': array([1], dtype=int32), 'split0_train_neg_mean_absolute_error': array([-0.93123555]), 'split1_train_neg_mean_absolute_error': array([-1.0285123]), 'split2_train_neg_mean_absolute_error': array([-0.99658694]), 'mean_train_neg_mean_absolute_error': array([-0.98544493]), 'std_train_neg_mean_absolute_error': array([0.04048703]), 'split0_test_r2': array([-0.08854408]), 'split1_test_r2': array([-0.00859447]), 'split2_test_r2': array([-0.01834748]), 'mean_test_r2': array([-0.03849534]), 'std_test_r2': array([0.03561308]), 'rank_test_r2': array([1], dtype=int32), 'split0_train_r2': array([0.01695714]), 'split1_train_r2': array([0.00051096]), 'split2_train_r2': array([5.53757003e-05]), 'mean_train_r2': array([0.00584116]), 'std_train_r2': array([0.00786239])}",0.0058411596344810635,-0.9854449311693507,-1.3917099817978158,0.34865134865134867,"Pipeline(steps=[('features',
                 Pipeline(steps=[('ern_peak_to_peak', AverageSignal())])),
                ('ln', LinearRegression())])","Pipeline(steps=[('channels_extraction', PickChannels(channels_list=['FCz'])),
                ('trim', EpochTrim2(tmax=0.1, tmin=0)), ('average', Evoked()),
                ('extract_averaged_data', ExtractData())])",15-Obsessional Beliefs - Overestimation of threat,-0.020407159374379313,0.951048951048951,0.0008646004567147703,0.39760239760239763
12,error_response,ERP_scale_18-Thought Suppression Inventory,ln,{},0.0003038465373996768,0.020044052880890884,-0.660335932537396,0.05165976244687743,-0.6304981089761803,0.06984301369260106,"{'mean_fit_time': array([0.00188367]), 'std_fit_time': array([3.89210977e-05]), 'mean_score_time': array([0.0011847]), 'std_score_time': array([1.09066185e-05]), 'params': [{}], 'split0_test_neg_mean_squared_error': array([-0.6994937]), 'split1_test_neg_mean_squared_error': array([-0.5347894]), 'split2_test_neg_mean_squared_error': array([-0.65721123]), 'mean_test_neg_mean_squared_error': array([-0.63049811]), 'std_test_neg_mean_squared_error': array([0.06984301]), 'rank_test_neg_mean_squared_error': array([1], dtype=int32), 'split0_train_neg_mean_squared_error': array([-0.58326812]), 'split1_train_neg_mean_squared_error': array([-0.66530189]), 'split2_train_neg_mean_squared_error': array([-0.60839892]), 'mean_train_neg_mean_squared_error': array([-0.61898964]), 'std_train_neg_mean_squared_error': array([0.03431722]), 'split0_test_neg_mean_absolute_error': array([-0.65895179]), 'split1_test_neg_mean_absolute_error': array([-0.59776933]), 'split2_test_neg_mean_absolute_error': array([-0.72428668]), 'mean_test_neg_mean_absolute_error': array([-0.66033593]), 'std_test_neg_mean_absolute_error': array([0.05165976]), 'rank_test_neg_mean_absolute_error': array([1], dtype=int32), 'split0_train_neg_mean_absolute_error': array([-0.65082794]), 'split1_train_neg_mean_absolute_error': array([-0.68002603]), 'split2_train_neg_mean_absolute_error': array([-0.63002309]), 'mean_train_neg_mean_absolute_error': array([-0.65362569]), 'std_train_neg_mean_absolute_error': array([0.02050925]), 'split0_test_r2': array([0.02768548]), 'split1_test_r2': array([-0.00703633]), 'split2_test_r2': array([-0.01973761]), 'mean_test_r2': array([0.00030385]), 'std_test_r2': array([0.02004405]), 'rank_test_r2': array([1], dtype=int32), 'split0_train_r2': array([0.02138334]), 'split1_train_r2': array([0.03761488]), 'split2_train_r2': array([0.02697755]), 'mean_train_r2': array([0.02865859]), 'std_train_r2': array([0.00673227])}",0.028658587955844306,-0.6536256858710782,-0.6189896416799212,0.058941058941058944,"Pipeline(steps=[('features',
                 Pipeline(steps=[('ern_peak_to_peak', AverageSignal())])),
                ('ln', LinearRegression())])","Pipeline(steps=[('channels_extraction', PickChannels(channels_list=['FCz'])),
                ('trim', EpochTrim2(tmax=0.1, tmin=0)), ('average', Evoked()),
                ('extract_averaged_data', ExtractData())])",18-Thought Suppression Inventory,-0.06049188959260854,0.7102897102897103,0.029049897575415873,0.04695304695304695
13,error_response,ERP_scale_28-Intolerance of Uncertainty - Prospective Anxiety,ln,{},-0.06850933598732507,0.059290404971052646,-0.6782058574941224,0.052193339875808556,-0.6754668255163692,0.09143987309554157,"{'mean_fit_time': array([0.00164223]), 'std_fit_time': array([0.00035859]), 'mean_score_time': array([0.00104674]), 'std_score_time': array([0.00028538]), 'params': [{}], 'split0_test_neg_mean_squared_error': array([-0.61525695]), 'split1_test_neg_mean_squared_error': array([-0.80468258]), 'split2_test_neg_mean_squared_error': array([-0.60646094]), 'mean_test_neg_mean_squared_error': array([-0.67546683]), 'std_test_neg_mean_squared_error': array([0.09143987]), 'rank_test_neg_mean_squared_error': array([1], dtype=int32), 'split0_train_neg_mean_squared_error': array([-0.68036908]), 'split1_train_neg_mean_squared_error': array([-0.56947905]), 'split2_train_neg_mean_squared_error': array([-0.66617252]), 'mean_train_neg_mean_squared_error': array([-0.63867355]), 'std_train_neg_mean_squared_error': array([0.04926997]), 'split0_test_neg_mean_absolute_error': array([-0.63870819]), 'split1_test_neg_mean_absolute_error': array([-0.75195624]), 'split2_test_neg_mean_absolute_error': array([-0.64395313]), 'mean_test_neg_mean_absolute_error': array([-0.67820586]), 'std_test_neg_mean_absolute_error': array([0.05219334]), 'rank_test_neg_mean_absolute_error': array([1], dtype=int32), 'split0_train_neg_mean_absolute_error': array([-0.6752439]), 'split1_train_neg_mean_absolute_error': array([-0.6163197]), 'split2_train_neg_mean_absolute_error': array([-0.66949325]), 'mean_train_neg_mean_absolute_error': array([-0.65368562]), 'std_train_neg_mean_absolute_error': array([0.02652579]), 'split0_test_r2': array([-0.1523573]), 'split1_test_r2': array([-0.02617632]), 'split2_test_r2': array([-0.02699438]), 'mean_test_r2': array([-0.06850934]), 'std_test_r2': array([0.0592904]), 'rank_test_r2': array([1], dtype=int32), 'split0_train_r2': array([0.01065383]), 'split1_train_r2': array([0.00633562]), 'split2_train_r2': array([0.0002496]), 'mean_train_r2': array([0.00574635]), 'std_train_r2': array([0.0042679])}",0.0057463521240234865,-0.6536856162783838,-0.6386735524376065,0.6153846153846154,"Pipeline(steps=[('features',
                 Pipeline(steps=[('ern_peak_to_peak', AverageSignal())])),
                ('ln', LinearRegression())])","Pipeline(steps=[('channels_extraction', PickChannels(channels_list=['FCz'])),
                ('trim', EpochTrim2(tmax=0.1, tmin=0)), ('average', Evoked()),
                ('extract_averaged_data', ExtractData())])",28-Intolerance of Uncertainty - Prospective Anxiety,-0.07091145521113673,0.9080919080919081,3.060762841400333e-06,0.4955044955044955
14,error_response,ERP_scale_28-Intolerance of Uncertainty - Inhibitory Anxiety,ln,{},-0.010262646429530342,0.01317919477345033,-0.8688497315608786,0.06620628026145121,-1.0040192638109395,0.14833329738389883,"{'mean_fit_time': array([0.00167799]), 'std_fit_time': array([0.00038236]), 'mean_score_time': array([0.00105953]), 'std_score_time': array([0.00029527]), 'params': [{}], 'split0_test_neg_mean_squared_error': array([-1.03725703]), 'split1_test_neg_mean_squared_error': array([-1.16677593]), 'split2_test_neg_mean_squared_error': array([-0.80802483]), 'mean_test_neg_mean_squared_error': array([-1.00401926]), 'std_test_neg_mean_squared_error': array([0.1483333]), 'rank_test_neg_mean_squared_error': array([1], dtype=int32), 'split0_train_neg_mean_squared_error': array([-0.97184627]), 'split1_train_neg_mean_squared_error': array([-0.90725168]), 'split2_train_neg_mean_squared_error': array([-1.08360935]), 'mean_train_neg_mean_squared_error': array([-0.9875691]), 'std_train_neg_mean_squared_error': array([0.07285105]), 'split0_test_neg_mean_absolute_error': array([-0.8584746]), 'split1_test_neg_mean_absolute_error': array([-0.95462374]), 'split2_test_neg_mean_absolute_error': array([-0.79345086]), 'mean_test_neg_mean_absolute_error': array([-0.86884973]), 'std_test_neg_mean_absolute_error': array([0.06620628]), 'rank_test_neg_mean_absolute_error': array([1], dtype=int32), 'split0_train_neg_mean_absolute_error': array([-0.87754116]), 'split1_train_neg_mean_absolute_error': array([-0.8244173]), 'split2_train_neg_mean_absolute_error': array([-0.89852471]), 'mean_train_neg_mean_absolute_error': array([-0.86682773]), 'std_train_neg_mean_absolute_error': array([0.03118825]), 'split0_test_r2': array([-0.0195738]), 'split1_test_r2': array([0.00837555]), 'split2_test_r2': array([-0.01958969]), 'mean_test_r2': array([-0.01026265]), 'std_test_r2': array([0.01317919]), 'rank_test_r2': array([1], dtype=int32), 'split0_train_r2': array([0.01399678]), 'split1_train_r2': array([0.0009187]), 'split2_train_r2': array([0.01268957]), 'mean_train_r2': array([0.00920168]), 'std_train_r2': array([0.00588122])}",0.009201684946291441,-0.8668277262126368,-0.9875691003614916,0.11488511488511488,"Pipeline(steps=[('features',
                 Pipeline(steps=[('ern_peak_to_peak', AverageSignal())])),
                ('ln', LinearRegression())])","Pipeline(steps=[('channels_extraction', PickChannels(channels_list=['FCz'])),
                ('trim', EpochTrim2(tmax=0.1, tmin=0)), ('average', Evoked()),
                ('extract_averaged_data', ExtractData())])",28-Intolerance of Uncertainty - Inhibitory Anxiety,-0.019539488648157022,0.5034965034965035,0.007335889264971307,0.20679320679320679
15,error_response,ERP_scale_06-Self-Esteem Scale_SES Rosenberga,ln,{},-0.03055208358014801,0.17292208094602168,-0.5933758751414667,0.06442731348566148,-0.5242152717831222,0.1026419096812542,"{'mean_fit_time': array([0.00144982]), 'std_fit_time': array([0.00045352]), 'mean_score_time': array([0.00083709]), 'std_score_time': array([0.00027072]), 'params': [{}], 'split0_test_neg_mean_squared_error': array([-0.65751982]), 'split1_test_neg_mean_squared_error': array([-0.50731705]), 'split2_test_neg_mean_squared_error': array([-0.40780895]), 'mean_test_neg_mean_squared_error': array([-0.52421527]), 'std_test_neg_mean_squared_error': array([0.10264191]), 'rank_test_neg_mean_squared_error': array([1], dtype=int32), 'split0_train_neg_mean_squared_error': array([-0.42113521]), 'split1_train_neg_mean_squared_error': array([-0.46468524]), 'split2_train_neg_mean_squared_error': array([-0.51987278]), 'mean_train_neg_mean_squared_error': array([-0.46856441]), 'std_train_neg_mean_squared_error': array([0.04040266]), 'split0_test_neg_mean_absolute_error': array([-0.67517148]), 'split1_test_neg_mean_absolute_error': array([-0.58724051]), 'split2_test_neg_mean_absolute_error': array([-0.51771563]), 'mean_test_neg_mean_absolute_error': array([-0.59337588]), 'std_test_neg_mean_absolute_error': array([0.06442731]), 'rank_test_neg_mean_absolute_error': array([1], dtype=int32), 'split0_train_neg_mean_absolute_error': array([-0.51044165]), 'split1_train_neg_mean_absolute_error': array([-0.56450288]), 'split2_train_neg_mean_absolute_error': array([-0.60803196]), 'mean_train_neg_mean_absolute_error': array([-0.56099216]), 'std_train_neg_mean_absolute_error': array([0.03991834]), 'split0_test_r2': array([-0.27210606]), 'split1_test_r2': array([0.05718211]), 'split2_test_r2': array([0.1232677]), 'mean_test_r2': array([-0.03055208]), 'std_test_r2': array([0.17292208]), 'rank_test_r2': array([1], dtype=int32), 'split0_train_r2': array([0.16054553]), 'split1_train_r2': array([0.06866043]), 'split2_train_r2': array([0.03165125]), 'mean_train_r2': array([0.0869524]), 'std_train_r2': array([0.05418721])}",0.08695240109068884,-0.5609921641375594,-0.46856440925158843,0.29270729270729273,"Pipeline(steps=[('features',
                 Pipeline(steps=[('ern_peak_to_peak', AverageSignal())])),
                ('ln', LinearRegression())])","Pipeline(steps=[('channels_extraction', PickChannels(channels_list=['FCz'])),
                ('trim', EpochTrim2(tmax=0.1, tmin=0)), ('average', Evoked()),
                ('extract_averaged_data', ExtractData())])",06-Self-Esteem Scale_SES Rosenberga,-0.13160208969283493,0.6603396603396603,0.07259545910675713,0.003996003996003996
